Date,Open,High,Low,Close,Adj Close,Volume,Returns
2022-01-04,396.51666259765625,402.6666564941406,374.3500061035156,383.1966552734375,383.1966552734375,100248300,-0.041832696836128
2022-01-05,382.2166748046875,390.11334228515625,360.336669921875,362.7066650390625,362.7066650390625,80119800,-0.05347121367683638
2022-01-06,359.0,362.6666564941406,340.1666564941406,354.8999938964844,354.8999938964844,90336600,-0.02152337383085412
2022-01-07,360.1233215332031,360.30999755859375,336.6666564941406,342.32000732421875,342.32000732421875,84164700,-0.035446567451716815
2022-01-10,333.3333435058594,353.0333251953125,326.6666564941406,352.7066650390625,352.7066650390625,91815000,0.03034195341380186
2022-01-11,351.22332763671875,358.6166687011719,346.2733459472656,354.79998779296875,354.79998779296875,66063300,0.005935024657598653
2022-01-12,359.6166687011719,371.61334228515625,357.5299987792969,368.739990234375,368.739990234375,83739000,0.039289748931841784
2022-01-13,369.69000244140625,371.8666687011719,342.17999267578125,343.85333251953125,343.85333251953125,97209900,-0.06749107331435766
2022-01-14,339.9599914550781,350.6666564941406,337.7933349609375,349.8699951171875,349.8699951171875,72924300,0.017497758575059086
2022-01-18,342.2033386230469,356.92999267578125,338.6866760253906,343.5033264160156,343.5033264160156,66743400,-0.01819724123253097
2022-01-19,347.2366638183594,351.5566711425781,331.6666564941406,331.8833312988281,331.8833312988281,75442500,-0.0338278969185718
2022-01-20,336.57666015625,347.2200012207031,331.3333435058594,332.0899963378906,332.0899963378906,70488600,0.0006227038828787723
2022-01-21,332.11334228515625,334.8500061035156,313.5,314.6333312988281,314.6333312988281,103416000,-0.05256606712507206
2022-01-24,301.586669921875,311.1700134277344,283.8233337402344,310.0,310.0,151565700,-0.014726129872195681
2022-01-25,304.73333740234375,317.086669921875,301.07000732421875,306.1333312988281,306.1333312988281,86595900,-0.012473124842489969
2022-01-26,317.4766540527344,329.2300109863281,302.0,312.4700012207031,312.4700012207031,104867400,0.02069905258271132
2022-01-27,311.1199951171875,311.7966613769531,276.3333435058594,276.3666687011719,276.3666687011719,147109500,-0.11554175561970448
2022-01-28,277.1866760253906,285.8333435058594,264.0033264160156,282.1166687011719,282.1166687011719,134789100,0.020805692766870276
2022-01-31,290.9033203125,312.663330078125,287.3500061035156,312.239990234375,312.239990234375,104436000,0.10677611383930952
2022-02-01,311.7366638183594,314.5666809082031,301.6666564941406,310.4166564941406,310.4166564941406,73138200,-0.0058395266373975074
2022-02-02,309.3933410644531,310.5,296.4700012207031,301.88665771484375,301.88665771484375,66792900,-0.02747919159891432
2022-02-03,294.0,312.3333435058594,293.50665283203125,297.0466613769531,297.0466613769531,78855600,-0.016032495024879134
2022-02-04,299.0733337402344,312.1666564941406,293.72332763671875,307.7733459472656,307.7733459472656,73625400,0.03611110968421327
2022-02-07,307.92999267578125,315.92333984375,300.9033203125,302.4466552734375,302.4466552734375,60994500,-0.01730718642133755
2022-02-08,301.84332275390625,308.7633361816406,298.26666259765625,307.3333435058594,307.3333435058594,50729100,0.0161571905234128
2022-02-09,311.6666564941406,315.42333984375,306.6666564941406,310.6666564941406,310.6666564941406,52259400,0.010845920427172029
2022-02-10,302.7900085449219,314.60333251953125,298.8999938964844,301.51666259765625,301.51666259765625,66126900,-0.029452771017468238
2022-02-11,303.2099914550781,305.32000732421875,283.5666809082031,286.6666564941406,286.6666564941406,79645800,-0.04925102969626416
2022-02-14,287.19000244140625,299.6266784667969,284.3833312988281,291.9200134277344,291.9200134277344,67756500,0.01832566437213501
2022-02-15,300.0,307.6666564941406,297.7933349609375,307.4766540527344,307.4766540527344,57286200,0.053290764282768466
2022-02-16,304.6833190917969,308.80999755859375,300.4033203125,307.7966613769531,307.7966613769531,51294300,0.0010407532409399955
2022-02-17,304.4200134277344,306.1666564941406,291.3666687011719,292.1166687011719,292.1166687011719,55178400,-0.05094269900666093
2022-02-18,295.3333435058594,295.6233215332031,279.2033386230469,285.6600036621094,285.6600036621094,68501700,-0.022103035296720752
2022-02-22,278.0433349609375,285.57666015625,267.0333251953125,273.84332275390625,273.84332275390625,83288100,-0.04136624223452856
2022-02-23,276.80999755859375,278.4333190917969,253.52000427246094,254.67999267578125,254.67999267578125,95256900,-0.06997917599526948
2022-02-24,233.4633331298828,267.49334716796875,233.3333282470703,266.92333984375,266.92333984375,135322200,0.04807345500262783
2022-02-25,269.74334716796875,273.1666564941406,260.79998779296875,269.9566650390625,269.9566650390625,76067700,0.011364031324829549
2022-02-28,271.6700134277344,292.28668212890625,271.57000732421875,290.1433410644531,290.1433410644531,99006900,0.07477746853358713
2022-03-01,289.8933410644531,296.6266784667969,284.59332275390625,288.1233215332031,288.1233215332031,74766900,-0.006962143345558558
2022-03-02,290.7099914550781,295.49334716796875,281.42333984375,293.2966613769531,293.2966613769531,74643300,0.01795529711451649
2022-03-03,292.92333984375,295.4800109863281,277.5333251953125,279.7633361816406,279.7633361816406,61623600,-0.04614210448825773
2022-03-04,283.0333251953125,285.2166748046875,275.0533447265625,279.42999267578125,279.42999267578125,66999600,-0.0011915196265851469
2022-03-07,285.4333190917969,288.71331787109375,268.19000244140625,268.1933288574219,268.1933288574219,72494100,-0.04021280504200253
2022-03-08,265.1766662597656,283.3299865722656,260.72332763671875,274.79998779296875,274.79998779296875,80399100,0.02463394210323222
2022-03-09,279.82666015625,286.85333251953125,277.336669921875,286.3233337402344,286.3233337402344,59184000,0.04193357517885765
2022-03-10,283.8166809082031,284.8166809082031,270.1199951171875,279.4333190917969,279.4333190917969,58648500,-0.024063755330148706
2022-03-11,280.0666809082031,281.26666259765625,264.5899963378906,265.1166687011719,265.1166687011719,67037100,-0.0512345859010529
2022-03-14,260.2033386230469,266.8999938964844,252.01333618164062,255.4566650390625,255.4566650390625,71152200,-0.036436802368687404
2022-03-15,258.42333984375,268.5233459472656,252.19000244140625,267.2966613769531,267.2966613769531,66841200,0.046348355546253384
2022-03-16,269.6666564941406,280.6666564941406,267.4200134277344,280.07666015625,280.07666015625,84028800,0.047812040425278646
2022-03-17,276.9966735839844,291.6666564941406,275.239990234375,290.5333251953125,290.5333251953125,66582900,0.037335010469022656
2022-03-18,291.4966735839844,302.6166687011719,289.1300048828125,301.7966613769531,301.7966613769531,100414200,0.03876779427650434
2022-03-21,304.99334716796875,314.2833251953125,302.36334228515625,307.0533447265625,307.0533447265625,81981600,0.017417963888751054
2022-03-22,310.0,332.6199951171875,307.25,331.32666015625,331.32666015625,105868500,0.07905243778179138
2022-03-23,326.64666748046875,346.8999938964844,325.4666748046875,333.03668212890625,333.03668212890625,120676200,0.005161136057840299
2022-03-24,336.57666015625,341.4966735839844,329.6000061035156,337.97332763671875,337.97332763671875,68920800,0.014823128420135223
2022-03-25,336.0,340.6000061035156,332.44000244140625,336.8800048828125,336.8800048828125,62031600,-0.003234937980317265
2022-03-28,355.0333251953125,365.9599914550781,351.20001220703125,363.9466552734375,363.9466552734375,102506100,0.0803450783611821
2022-03-29,369.3299865722656,371.5899963378906,357.7033386230469,366.5233459472656,366.5233459472656,73614900,0.007079858095940583
2022-03-30,363.72332763671875,371.3166809082031,361.3333435058594,364.663330078125,364.663330078125,59865000,-0.00507475414515135
2022-03-31,364.8566589355469,367.71331787109375,358.8800048828125,359.20001220703125,359.20001220703125,48992700,-0.014981813142339484
2022-04-01,360.3833312988281,364.9166564941406,355.5466613769531,361.5299987792969,361.5299987792969,54263100,0.006486599368272561
2022-04-04,363.1266784667969,383.3033447265625,357.510009765625,381.8166809082031,381.8166809082031,82035900,0.05611341298759176
2022-04-05,378.76666259765625,384.2900085449219,362.4333190917969,363.7533264160156,363.7533264160156,80075100,-0.047308971544201106
2022-04-06,357.8233337402344,359.6666564941406,342.5666809082031,348.586669921875,348.586669921875,89348400,-0.041694894294368345
2022-04-07,350.7966613769531,358.86334228515625,340.5133361816406,352.4200134277344,352.4200134277344,79447200,0.010996816105212748
2022-04-08,347.7366638183594,349.4800109863281,340.8133239746094,341.8299865722656,341.8299865722656,55013700,-0.03004944796541842
2022-04-11,326.79998779296875,336.15667724609375,324.8800048828125,325.30999755859375,325.30999755859375,59357100,-0.048328086073804455
2022-04-12,332.5466613769531,340.39666748046875,325.5333251953125,328.98333740234375,328.98333740234375,65976000,0.011291813566499442
2022-04-13,327.02667236328125,342.0799865722656,324.3666687011719,340.7900085449219,340.7900085449219,55121100,0.03588835603591267
2022-04-14,333.0966796875,337.57000732421875,327.39666748046875,328.3333435058594,328.3333435058594,58422300,-0.03655231880843268
2022-04-18,329.6766662597656,338.3066711425781,324.4700012207031,334.7633361816406,334.7633361816406,51715200,0.019583733431163042
2022-04-19,335.0199890136719,344.9800109863281,331.77667236328125,342.7166748046875,342.7166748046875,49847700,0.023758093445249484
2022-04-20,343.3333435058594,344.6666564941406,325.0833435058594,325.73333740234375,325.73333740234375,70711200,-0.04955503671370076
2022-04-21,358.24334716796875,364.0733337402344,332.1400146484375,336.260009765625,336.260009765625,105416400,0.03231684066245499
2022-04-22,338.3033447265625,344.95001220703125,331.3333435058594,335.01666259765625,335.01666259765625,69696600,-0.003697576672395231
2022-04-25,326.3233337402344,336.2066650390625,325.1000061035156,332.67333984375,332.67333984375,68341200,-0.006994645387893739
2022-04-26,331.80999755859375,333.3333435058594,291.6666564941406,292.1400146484375,292.1400146484375,136133700,-0.12184121881948873
2022-04-27,299.52667236328125,306.0,292.4533386230469,293.836669921875,293.836669921875,76956300,0.005807678470473254
2022-04-28,299.99334716796875,300.0,273.8999938964844,292.5033264160156,292.5033264160156,124948500,-0.004537702888526063
2022-04-29,300.75,311.4666748046875,290.0,290.2533264160156,290.2533264160156,88133100,-0.007692220213591394
2022-05-02,286.92333984375,302.1199951171875,282.6766662597656,300.9800109863281,300.9800109863281,75781500,0.03695628471433299
2022-05-03,301.05999755859375,308.02667236328125,296.1966552734375,303.0833435058594,303.0833435058594,63709500,0.006988279761963367
2022-05-04,301.3133239746094,318.5,295.09332275390625,317.5400085449219,317.5400085449219,81643800,0.04769864576468552
2022-05-05,313.00665283203125,315.20001220703125,285.8999938964844,291.09332275390625,291.09332275390625,92519100,-0.08328615317548016
2022-05-06,295.6666564941406,296.0,281.03668212890625,288.54998779296875,288.54998779296875,72903000,-0.008737180698190294
2022-05-09,278.8166809082031,281.8766784667969,260.3833312988281,262.3699951171875,262.3699951171875,90810300,-0.09072948807249681
2022-05-10,273.10333251953125,275.1199951171875,258.0833435058594,266.67999267578125,266.67999267578125,84401700,0.016427173986372612
2022-05-11,265.0,269.92333984375,242.39999389648438,244.6666717529297,244.6666717529297,97224600,-0.08254582843646041
2022-05-12,233.6666717529297,253.22000122070312,226.6666717529297,242.6666717529297,242.6666717529297,140313000,-0.008174386751047313
2022-05-13,257.82666015625,262.45001220703125,250.52333068847656,256.5299987792969,256.5299987792969,92150700,0.05712909369145702
2022-05-16,255.72000122070312,256.586669921875,239.69667053222656,241.4566650390625,241.4566650390625,86098500,-0.05875856161837267
2022-05-17,249.1199951171875,254.82666015625,242.9499969482422,253.8699951171875,253.8699951171875,80236200,0.05141017778952928
2022-05-18,248.17333984375,253.5,233.60333251953125,236.60333251953125,236.60333251953125,87811800,-0.06801379812405906
2022-05-19,235.6666717529297,244.6666717529297,231.3699951171875,236.47332763671875,236.47332763671875,90296700,-0.0005494634476534976
2022-05-20,237.99667358398438,240.52667236328125,211.0,221.3000030517578,221.3000030517578,144973200,-0.06416505716141863
2022-05-23,218.33999633789062,226.65333557128906,212.68666076660156,224.96665954589844,224.96665954589844,88903500,0.01656871415985961
2022-05-24,217.8433380126953,217.97332763671875,206.85667419433594,209.3866729736328,209.3866729736328,89092500,-0.06925464690507588
2022-05-25,207.9499969482422,223.10667419433594,207.6699981689453,219.60000610351562,219.60000610351562,92139300,0.04877737911795821
2022-05-26,220.47332763671875,239.55667114257812,217.8866729736328,235.91000366210938,235.91000366210938,106003200,0.07427138936829314
2022-05-27,241.0833282470703,253.26666259765625,240.17666625976562,253.2100067138672,253.2100067138672,89295000,0.07333306253742577
2022-05-31,257.9466552734375,259.6000061035156,244.7433319091797,252.75332641601562,252.75332641601562,101914500,-0.001803563389055185
2022-06-01,251.72000122070312,257.32666015625,243.63999938964844,246.7899932861328,246.7899932861328,77247900,-0.02359349020027357
2022-06-02,244.1566619873047,264.2099914550781,242.06666564941406,258.3333435058594,258.3333435058594,93473100,0.04677398003874078
2022-06-03,243.22666931152344,247.79666137695312,233.4166717529297,234.51666259765625,234.51666259765625,112393800,-0.09219359988526965
2022-06-06,244.35333251953125,244.86666870117188,234.35000610351562,238.27999877929688,238.27999877929688,84204600,0.0160472016783606
2022-06-07,234.0,239.99667358398438,230.0933380126953,238.8866729736328,238.8866729736328,72808500,0.0025460558898939833
2022-06-08,240.086669921875,249.9633331298828,239.17666625976562,241.86666870117188,241.86666870117188,76210500,0.012474516432601446
2022-06-09,249.33999633789062,255.54666137695312,239.32666015625,239.7066650390625,239.7066650390625,96491400,-0.008930555308462429
2022-06-10,235.1566619873047,239.5,227.913330078125,232.22999572753906,232.22999572753906,97536600,-0.031190911234383223
2022-06-13,223.1666717529297,226.63333129882812,214.68333435058594,215.73666381835938,215.73666381835938,102767400,-0.07102153990705962
2022-06-14,218.2866668701172,226.3300018310547,211.73666381835938,220.88999938964844,220.88999938964844,97988700,0.023887157055640484
2022-06-15,220.9166717529297,235.663330078125,218.14999389648438,233.0,233.0,119131800,0.05482367080362738
2022-06-16,222.73666381835938,225.1666717529297,208.69332885742188,213.10000610351562,213.10000610351562,107390700,-0.08540769912654234
2022-06-17,213.43333435058594,220.97000122070312,213.19667053222656,216.75999450683594,216.75999450683594,92641800,0.017174980283869212
2022-06-21,224.60333251953125,243.57666015625,224.3333282470703,237.0366668701172,237.0366668701172,122793000,0.0935443480214786
2022-06-22,234.50332641601562,246.8333282470703,233.82666015625,236.086669921875,236.086669921875,101107500,-0.004007805884153504
2022-06-23,237.9066619873047,239.31666564941406,228.6366729736328,235.07000732421875,235.07000732421875,104202600,-0.004306310889948484
2022-06-24,237.47000122070312,246.06666564941406,236.086669921875,245.7066650390625,245.7066650390625,95770800,0.04524889345059324
2022-06-27,249.36666870117188,252.07000732421875,242.56666564941406,244.9199981689453,244.9199981689453,89178300,-0.0032016505127857586
2022-06-28,244.48333740234375,249.97000122070312,232.3433380126953,232.663330078125,232.663330078125,90391200,-0.0500435578248114
2022-06-29,230.5,231.17333984375,222.27333068847656,228.49000549316406,228.49000549316406,82897200,-0.01793718238090891
2022-06-30,224.50999450683594,229.4566650390625,218.8633270263672,224.47332763671875,224.47332763671875,94600500,-0.017579227799377373
2022-07-01,227.0,230.22999572753906,222.1199951171875,227.26333618164062,227.26333618164062,74460300,0.012429131666979787
2022-07-05,223.0,233.14666748046875,216.1666717529297,233.06666564941406,233.06666564941406,84581100,0.025535704813974602
2022-07-06,230.77999877929688,234.56333923339844,227.18666076660156,231.73333740234375,231.73333740234375,71853600,-0.005720802000385383
2022-07-07,233.9199981689453,245.3633270263672,232.2100067138672,244.5433349609375,244.5433349609375,81930600,0.055279044880592876
2022-07-08,242.3333282470703,254.97999572753906,241.16000366210938,250.76333618164062,250.76333618164062,101854200,0.02543516968760029
2022-07-11,252.10333251953125,253.06333923339844,233.6266632080078,234.3433380126953,234.3433380126953,99241200,-0.06548005948146851
2022-07-12,236.84666442871094,239.77333068847656,228.3699951171875,233.07000732421875,233.07000732421875,87930900,-0.005433611636988744
2022-07-13,225.5,242.05999755859375,225.03334045410156,237.0399932861328,237.0399932861328,97954500,0.017033448479672808
2022-07-14,234.89666748046875,238.65333557128906,229.3333282470703,238.31333923339844,238.31333923339844,78557400,0.005371861218914864
2022-07-15,240.0,243.6233367919922,236.88999938964844,240.06666564941406,240.06666564941406,69683100,0.0073572315408600986
2022-07-18,244.93666076660156,250.51666259765625,239.60333251953125,240.54666137695312,240.54666137695312,82537500,0.001999426810217919
2022-07-19,245.0,247.13999938964844,236.97666931152344,245.52999877929688,245.52999877929688,80890200,0.020716718219316865
2022-07-20,246.78334045410156,250.663330078125,243.48333740234375,247.5,247.5,88864200,0.008023464466653252
2022-07-21,255.10667419433594,273.26666259765625,254.86666870117188,271.7066650390625,271.7066650390625,142032300,0.09780470722853529
2022-07-22,276.2200012207031,280.78668212890625,270.71331787109375,272.24334716796875,272.24334716796875,103472700,0.0019752262198982073
2022-07-25,272.2166748046875,274.14666748046875,267.3999938964844,268.4333190917969,268.4333190917969,64073400,-0.013994935471540293
2022-07-26,266.5133361816406,267.30999755859375,256.2633361816406,258.8599853515625,258.8599853515625,66820800,-0.0356637312112531
2022-07-27,263.80999755859375,275.9266662597656,261.7900085449219,274.82000732421875,274.82000732421875,88110000,0.061655036992220635
2022-07-28,280.0666809082031,283.29998779296875,272.79998779296875,280.8999938964844,280.8999938964844,84723000,0.02212352234272652
2022-07-29,280.70001220703125,298.32000732421875,279.1000061035156,297.1499938964844,297.1499938964844,95313000,0.05784976985791013
2022-08-01,301.27667236328125,311.8766784667969,295.0,297.27667236328125,297.27667236328125,117042900,0.00042631152414229767
2022-08-02,294.0033264160156,307.8333435058594,292.6666564941406,300.586669921875,300.586669921875,95577600,0.011134400598203698
2022-08-03,305.0,309.54998779296875,301.1499938964844,307.39666748046875,307.39666748046875,80091000,0.02265568716125621
2022-08-04,311.0,313.6066589355469,305.0,308.6333312988281,308.6333312988281,72256200,0.004023022853486102
2022-08-05,302.6700134277344,304.6066589355469,285.5433349609375,288.1700134277344,288.1700134277344,113172900,-0.0663030068235908
2022-08-08,295.0,305.20001220703125,289.086669921875,290.42333984375,290.42333984375,98994000,0.007819434052879659
2022-08-09,290.2933349609375,292.39666748046875,279.35333251953125,283.3333435058594,283.3333435058594,86244600,-0.024412625864385085
2022-08-10,297.0666809082031,297.510009765625,283.3699951171875,294.3566589355469,294.3566589355469,94918800,0.03890581776676605
2022-08-11,296.5133361816406,298.2366638183594,285.8333435058594,286.6300048828125,286.6300048828125,70155000,-0.026249292544206493
2022-08-12,289.4166564941406,300.1600036621094,285.0333251953125,300.0299987792969,300.0299987792969,79657200,0.046750143628413676
2022-08-15,301.78668212890625,313.1333312988281,301.2300109863281,309.32000732421875,309.32000732421875,89359200,0.03096359891583922
2022-08-16,311.6666564941406,314.6666564941406,302.8833312988281,306.5633239746094,306.5633239746094,88136400,-0.008912075793144236
2022-08-17,303.39666748046875,309.65667724609375,300.0333251953125,303.9966735839844,303.9966735839844,68766000,-0.008372333511224461
2022-08-18,306.0,306.5,301.85333251953125,302.8699951171875,302.8699951171875,47500500,-0.0037062197211366055
2022-08-19,299.0,300.3599853515625,292.5,296.6666564941406,296.6666564941406,61395300,-0.020481852686155544
2022-08-22,291.913330078125,292.3999938964844,286.2966613769531,289.913330078125,289.913330078125,55843200,-0.022764022407583906
2022-08-23,291.4533386230469,298.82666015625,287.92333984375,296.4533386230469,296.4533386230469,63984900,0.0225584954757323
2022-08-24,297.5633239746094,303.64666748046875,296.5,297.0966796875,297.0966796875,57259800,0.002170125887066332
2022-08-25,302.3599853515625,302.9599914550781,291.6000061035156,296.07000732421875,296.07000732421875,53230000,-0.003455684406709514
2022-08-26,297.42999267578125,302.0,287.4700012207031,288.0899963378906,288.0899963378906,57163900,-0.026953121859416895
2022-08-29,282.8299865722656,287.739990234375,280.70001220703125,284.82000732421875,284.82000732421875,41864700,-0.01135058160727187
2022-08-30,287.8699951171875,288.4800109863281,272.6499938964844,277.70001220703125,277.70001220703125,50541800,-0.0249982267189629
2022-08-31,280.6199951171875,281.25,271.80999755859375,275.6099853515625,275.6099853515625,52107300,-0.007526203685978228
2022-09-01,272.5799865722656,277.5799865722656,266.1499938964844,277.1600036621094,277.1600036621094,54287000,0.005623955563764049
2022-09-02,281.07000732421875,282.3500061035156,269.0799865722656,270.2099914550781,270.2099914550781,50890100,-0.02507581222110289
2022-09-06,272.67999267578125,275.989990234375,265.739990234375,274.4200134277344,274.4200134277344,55860000,0.015580556255471167
2022-09-07,273.1000061035156,283.8399963378906,272.2699890136719,283.70001220703125,283.70001220703125,50028900,0.03381677109982606
2022-09-08,281.29998779296875,289.5,279.760009765625,289.260009765625,289.260009765625,53713100,0.01959815762903916
2022-09-09,291.6700134277344,299.8500061035156,291.25,299.67999267578125,299.67999267578125,54338100,0.03602289482946186
2022-09-12,300.7200012207031,305.489990234375,300.3999938964844,304.4200134277344,304.4200134277344,48674600,0.01581694096302666
2022-09-13,292.8999938964844,297.3999938964844,290.3999938964844,292.1300048828125,292.1300048828125,68229600,-0.04037188096320543
2022-09-14,292.239990234375,306.0,291.6400146484375,302.6099853515625,302.6099853515625,72628700,0.03587437200418364
2022-09-15,301.8299865722656,309.1199951171875,300.7200012207031,303.75,303.75,64795500,0.003767273730617582
2022-09-16,299.6099853515625,303.7099914550781,295.6000061035156,303.3500061035156,303.3500061035156,87087800,-0.0013168523341049454
2022-09-19,300.0899963378906,309.8399963378906,297.79998779296875,309.07000732421875,309.07000732421875,60231200,0.018856110452001085
2022-09-20,306.9100036621094,313.3299865722656,305.5799865722656,308.7300109863281,308.7300109863281,61642800,-0.0011000625419275156
2022-09-21,308.2900085449219,313.79998779296875,300.6300048828125,300.79998779296875,300.79998779296875,62555700,-0.025685948599634356
2022-09-22,299.8599853515625,301.2900085449219,285.82000732421875,288.5899963378906,288.5899963378906,70545400,-0.040591728559117746
2022-09-23,283.0899963378906,284.5,272.82000732421875,275.3299865722656,275.3299865722656,63748400,-0.04594757245188685
2022-09-26,271.8299865722656,284.0899963378906,270.30999755859375,276.010009765625,276.010009765625,58076900,0.0024698479153155706
2022-09-27,283.8399963378906,288.6700134277344,277.510009765625,282.94000244140625,282.94000244140625,61925200,0.02510775852537339
2022-09-28,283.0799865722656,289.0,277.57000732421875,287.80999755859375,287.80999755859375,54664800,0.017212112374233923
2022-09-29,282.760009765625,283.6499938964844,265.7799987792969,268.2099914550781,268.2099914550781,77620600,-0.06810050474193607
2022-09-30,266.1499938964844,275.57000732421875,262.4700012207031,265.25,265.25,67726600,-0.011036096899372572
2022-10-03,254.5,255.16000366210938,241.00999450683594,242.39999389648438,242.39999389648438,98363500,-0.08614516909902215
2022-10-04,250.52000427246094,257.5,242.00999450683594,249.44000244140625,249.44000244140625,109578500,0.029042940273044104
2022-10-05,245.00999450683594,246.6699981689453,233.27000427246094,240.80999755859375,240.80999755859375,86982700,-0.034597517632881325
2022-10-06,239.44000244140625,244.5800018310547,235.35000610351562,238.1300048828125,238.1300048828125,69298400,-0.011129075632041241
2022-10-07,233.94000244140625,234.57000732421875,222.02000427246094,223.07000732421875,223.07000732421875,83916800,-0.06324275500689214
2022-10-10,223.92999267578125,226.99000549316406,218.36000061035156,222.9600067138672,222.9600067138672,67925000,-0.0004931214719139376
2022-10-11,220.9499969482422,225.75,215.0,216.5,216.5,77013200,-0.02897383620084637
2022-10-12,215.3300018310547,219.3000030517578,211.50999450683594,217.24000549316406,217.24000549316406,66860700,0.003418039229395209
2022-10-13,208.3000030517578,222.99000549316406,206.22000122070312,221.72000122070312,221.72000122070312,91483000,0.020622332969329804
2022-10-14,224.00999450683594,226.25999450683594,204.16000366210938,204.99000549316406,204.99000549316406,94124500,-0.07545550981161053
2022-10-17,210.0399932861328,221.86000061035156,209.4499969482422,219.35000610351562,219.35000610351562,79428800,0.07005219876844393
2022-10-18,229.5,229.82000732421875,217.25,220.19000244140625,220.19000244140625,75891900,0.003829479437051919
2022-10-19,219.8000030517578,222.92999267578125,217.77999877929688,222.0399932861328,222.0399932861328,66571500,0.008401793106927569
2022-10-20,208.27999877929688,215.5500030517578,202.0,207.27999877929688,207.27999877929688,117798100,-0.0664744863679374
2022-10-21,206.4199981689453,214.66000366210938,203.8000030517578,214.44000244140625,214.44000244140625,75713800,0.03454266549727758
2022-10-24,205.82000732421875,213.5,198.58999633789062,211.25,211.25,100446800,-0.014875967194030837
2022-10-25,210.10000610351562,224.35000610351562,210.0,222.4199981689453,222.4199981689453,96507900,0.05287573097725584
2022-10-26,219.39999389648438,230.60000610351562,218.1999969482422,224.63999938964844,224.63999938964844,85012500,0.009981122376490958
2022-10-27,229.77000427246094,233.80999755859375,222.85000610351562,225.08999633789062,225.08999633789062,61638800,0.00200319154854367
2022-10-28,225.39999389648438,228.86000061035156,216.35000610351562,228.52000427246094,228.52000427246094,69152400,0.015238384603380561
2022-10-31,226.19000244140625,229.85000610351562,221.94000244140625,227.5399932861328,227.5399932861328,61554300,-0.004288512900427199
2022-11-01,234.0500030517578,237.39999389648438,227.27999877929688,227.82000732421875,227.82000732421875,62688800,0.0012306146011606955
2022-11-02,226.0399932861328,227.8699951171875,214.82000732421875,214.97999572753906,214.97999572753906,63070300,-0.05636033352596026
2022-11-03,211.36000061035156,221.1999969482422,210.13999938964844,215.30999755859375,215.30999755859375,56538800,0.0015350350619269815
2022-11-04,222.60000610351562,223.8000030517578,203.0800018310547,207.47000122070312,207.47000122070312,98622200,-0.03641259777431871
2022-11-07,208.64999389648438,208.89999389648438,196.66000366210938,197.0800018310547,197.0800018310547,93916500,-0.05007952633400592
2022-11-08,194.02000427246094,195.1999969482422,186.75,191.3000030517578,191.3000030517578,128803400,-0.02932818513088775
2022-11-09,190.77999877929688,195.88999938964844,177.1199951171875,177.58999633789062,177.58999633789062,127062700,-0.07166757185130745
2022-11-10,189.89999389648438,191.0,180.02999877929688,190.72000122070312,190.72000122070312,132703000,0.07393437216942544
2022-11-11,186.0,196.52000427246094,182.58999633789062,195.97000122070312,195.97000122070312,114403600,0.027527264924482875
2022-11-14,192.77000427246094,195.72999572753906,186.33999633789062,190.9499969482422,190.9499969482422,92226600,-0.02561618738169713
2022-11-15,195.8800048828125,200.82000732421875,192.05999755859375,194.4199981689453,194.4199981689453,91293800,0.018172303095892017
2022-11-16,191.50999450683594,192.57000732421875,185.66000366210938,186.9199981689453,186.9199981689453,66567600,-0.03857627852399581
2022-11-17,183.9600067138672,186.16000366210938,180.89999389648438,183.1699981689453,183.1699981689453,64336000,-0.020062058831236462
2022-11-18,185.0500030517578,185.19000244140625,176.5500030517578,180.19000244140625,180.19000244140625,76048900,-0.016269016527425406
2022-11-21,175.85000610351562,176.77000427246094,167.5399932861328,167.8699951171875,167.8699951171875,92882700,-0.06837231343190053
2022-11-22,168.6300048828125,170.9199981689453,166.19000244140625,169.91000366210938,169.91000366210938,78452300,0.012152311933396831
2022-11-23,173.57000732421875,183.6199951171875,172.5,183.1999969482422,183.1999969482422,109536700,0.07821783885404354
2022-11-25,185.05999755859375,185.1999969482422,180.6300048828125,182.86000061035156,182.86000061035156,50672700,-0.0018558752377418886
2022-11-28,179.9600067138672,188.5,179.0,182.9199981689453,182.9199981689453,92905200,0.0003281065208000644
2022-11-29,184.99000549316406,186.3800048828125,178.75,180.8300018310547,180.8300018310547,83357100,-0.011425739989130657
2022-11-30,182.42999267578125,194.75999450683594,180.6300048828125,194.6999969482422,194.6999969482422,109186400,0.07670184691003823
2022-12-01,197.0800018310547,198.9199981689453,191.8000030517578,194.6999969482422,194.6999969482422,80046200,0.0
2022-12-02,191.77999877929688,196.25,191.11000061035156,194.86000061035156,194.86000061035156,73645900,0.0008217959148295595
2022-12-05,189.44000244140625,191.27000427246094,180.5500030517578,182.4499969482422,182.4499969482422,93122700,-0.06368676805520912
2022-12-06,181.22000122070312,183.64999389648438,175.3300018310547,179.82000732421875,179.82000732421875,92150800,-0.01441485156488942
2022-12-07,175.02999877929688,179.3800048828125,172.22000122070312,174.0399932861328,174.0399932861328,84213300,-0.032143331123685615
2022-12-08,172.1999969482422,175.1999969482422,169.05999755859375,173.44000244140625,173.44000244140625,97624500,-0.003447430865732959
2022-12-09,173.83999633789062,182.5,173.36000061035156,179.0500030517578,179.0500030517578,104872300,0.0323454827685834
2022-12-12,176.10000610351562,177.3699951171875,167.52000427246094,167.82000732421875,167.82000732421875,109794500,-0.0627198857086465
2022-12-13,174.8699951171875,175.0500030517578,156.91000366210938,160.9499969482422,160.9499969482422,175862700,-0.04093677795344208
2022-12-14,159.25,161.6199951171875,155.30999755859375,156.8000030517578,156.8000030517578,140682300,-0.025784367661833008
2022-12-15,153.44000244140625,160.92999267578125,153.27999877929688,157.6699981689453,157.6699981689453,122334500,0.005548438139381551
2022-12-16,159.63999938964844,160.99000549316406,150.0399932861328,150.22999572753906,150.22999572753906,139032200,-0.047187179094365206
2022-12-19,154.0,155.25,145.82000732421875,149.8699951171875,149.8699951171875,139390600,-0.00239632976495896
2022-12-20,146.0500030517578,148.47000122070312,137.66000366210938,137.8000030517578,137.8000030517578,159563300,-0.08053641461716088
2022-12-21,139.33999633789062,141.25999450683594,135.88999938964844,137.57000732421875,137.57000732421875,145417400,-0.0016690545895901021
2022-12-22,136.0,136.6300048828125,122.26000213623047,125.3499984741211,125.3499984741211,210090300,-0.08882756559936855
2022-12-23,126.37000274658203,128.6199951171875,121.0199966430664,123.1500015258789,123.1500015258789,166989700,-0.017550833466474902
2022-12-27,117.5,119.66999816894531,108.76000213623047,109.0999984741211,109.0999984741211,208643400,-0.1140885333144338
2022-12-28,110.3499984741211,116.2699966430664,108.23999786376953,112.70999908447266,112.70999908447266,221070500,0.03308891531476843
2022-12-29,120.38999938964844,123.56999969482422,117.5,121.81999969482422,121.81999969482422,221923300,0.0808269069678893
2022-12-30,119.94999694824219,124.4800033569336,119.75,123.18000030517578,123.18000030517578,157777300,0.011164017515666869
2023-01-03,118.47000122070312,118.80000305175781,104.63999938964844,108.0999984741211,108.0999984741211,231402800,-0.12242248574195735
2023-01-04,109.11000061035156,114.58999633789062,107.5199966430664,113.63999938964844,113.63999938964844,180389000,0.05124885285593783
2023-01-05,110.51000213623047,111.75,107.16000366210938,110.33999633789062,110.33999633789062,157986300,-0.029039097760312105
2023-01-06,103.0,114.38999938964844,101.80999755859375,113.05999755859375,113.05999755859375,220911100,0.024651090365942707
2023-01-09,118.95999908447266,123.5199966430664,117.11000061035156,119.7699966430664,119.7699966430664,190284000,0.059349011404278285
2023-01-10,121.06999969482422,122.76000213623047,114.91999816894531,118.8499984741211,118.8499984741211,167642500,-0.007681374256751861
2023-01-11,122.08999633789062,125.94999694824219,120.51000213623047,123.22000122070312,123.22000122070312,183810800,0.036769060182475055
2023-01-12,122.55999755859375,124.12999725341797,117.0,123.55999755859375,123.55999755859375,169400900,0.0027592625752506095
2023-01-13,116.55000305175781,122.62999725341797,115.5999984741211,122.4000015258789,122.4000015258789,180714100,-0.009388119582672827
2023-01-17,125.69999694824219,131.6999969482422,125.0199966430664,131.49000549316406,131.49000549316406,186477000,0.07426473736900463
2023-01-18,136.55999755859375,136.67999267578125,127.01000213623047,128.77999877929688,128.77999877929688,195680300,-0.020609982513142944
2023-01-19,127.26000213623047,129.99000549316406,124.30999755859375,127.16999816894531,127.16999816894531,170291900,-0.012501946153228194
2023-01-20,128.67999267578125,133.50999450683594,127.3499984741211,133.4199981689453,133.4199981689453,138858100,0.0491468120625187
2023-01-23,135.8699951171875,145.3800048828125,134.27000427246094,143.75,143.75,203119200,0.07742468874848996
2023-01-24,143.0,146.5,141.10000610351562,143.88999938964844,143.88999938964844,158699100,0.0009739087975544347
2023-01-25,141.91000366210938,146.41000366210938,138.07000732421875,144.42999267578125,144.42999267578125,192734300,0.003752820129427681
2023-01-26,159.97000122070312,161.4199981689453,154.75999450683594,160.27000427246094,160.27000427246094,234815100,0.10967259156647335
2023-01-27,162.42999267578125,180.67999267578125,161.1699981689453,177.89999389648438,177.89999389648438,306590600,0.11000180416824756
2023-01-30,178.0500030517578,179.77000427246094,166.5,166.66000366210938,166.66000366210938,230878800,-0.06318150994943417
2023-01-31,164.57000732421875,174.3000030517578,162.77999877929688,173.22000122070312,173.22000122070312,196813500,0.03936155894904236
2023-02-01,173.88999938964844,183.80999755859375,169.92999267578125,181.41000366210938,181.41000366210938,213806300,0.047280928205116535
2023-02-02,187.3300018310547,196.75,182.61000061035156,188.27000427246094,188.27000427246094,217448300,0.03781489703913388
2023-02-03,183.9499969482422,199.0,183.69000244140625,189.97999572753906,189.97999572753906,232662000,0.009082654784473565
2023-02-06,193.00999450683594,198.1699981689453,189.9199981689453,194.75999450683594,194.75999450683594,186188100,0.025160537355481072
2023-02-07,196.42999267578125,197.5,189.5500030517578,196.80999755859375,196.80999755859375,186010300,0.010525791279409002
2023-02-08,196.10000610351562,203.0,194.30999755859375,201.2899932861328,201.2899932861328,180673600,0.022763049555982517
2023-02-09,207.77999877929688,214.0,204.77000427246094,207.32000732421875,207.32000732421875,215431400,0.029956849516678652
2023-02-10,202.22999572753906,206.1999969482422,192.88999938964844,196.88999938964844,196.88999938964844,204754100,-0.05030873801899527
2023-02-13,194.4199981689453,196.3000030517578,187.61000061035156,194.63999938964844,194.63999938964844,172475500,-0.011427700782035255
2023-02-14,191.94000244140625,209.82000732421875,189.44000244140625,209.25,209.25,216455700,0.0750616556523096
2023-02-15,211.75999450683594,214.66000366210938,206.11000061035156,214.24000549316406,214.24000549316406,181006400,0.02384709913101113
2023-02-16,210.77999877929688,217.64999389648438,201.83999633789062,202.0399932861328,202.0399932861328,229586500,-0.05694553722096751
2023-02-17,199.99000549316406,208.44000244140625,197.5,208.30999755859375,208.30999755859375,213738500,0.031033480898909227
2023-02-21,204.99000549316406,209.7100067138672,197.22000122070312,197.3699951171875,197.3699951171875,180018600,-0.05251789433835996
2023-02-22,197.92999267578125,201.99000549316406,191.77999877929688,200.86000061035156,200.86000061035156,191828500,0.017682553475729224
2023-02-23,203.91000366210938,205.13999938964844,196.3300018310547,202.07000732421875,202.07000732421875,146360000,0.006024129792842503
2023-02-24,196.3300018310547,197.6699981689453,192.8000030517578,196.8800048828125,196.8800048828125,142228100,-0.025684180003413215
2023-02-27,202.02999877929688,209.4199981689453,201.25999450683594,207.6300048828125,207.6300048828125,161028300,0.0546017865369246
2023-02-28,210.58999633789062,211.22999572753906,203.75,205.7100067138672,205.7100067138672,153144900,-0.009247209573726933
2023-03-01,206.2100067138672,207.1999969482422,198.52000427246094,202.77000427246094,202.77000427246094,156852800,-0.014291975817664837
2023-03-02,186.74000549316406,193.75,186.00999450683594,190.89999389648438,190.89999389648438,181500700,-0.05853928157947319
2023-03-03,194.8000030517578,200.47999572753906,192.8800048828125,197.7899932861328,197.7899932861328,154193300,0.03609219282314147
2023-03-06,198.5399932861328,198.60000610351562,192.3000030517578,193.80999755859375,193.80999755859375,128100100,-0.020122331071529054
2023-03-07,191.3800048828125,194.1999969482422,186.10000610351562,187.7100067138672,187.7100067138672,148125800,-0.03147407730028162
2023-03-08,185.0399932861328,186.5,180.0,182.0,182.0,151897800,-0.03041929843714275
2023-03-09,180.25,185.17999267578125,172.50999450683594,172.9199981689453,172.9199981689453,170023800,-0.04989011995084991
2023-03-10,175.1300048828125,178.2899932861328,168.44000244140625,173.44000244140625,173.44000244140625,191488900,0.0030071956856769777
2023-03-13,167.4600067138672,177.35000610351562,163.91000366210938,174.47999572753906,174.47999572753906,167790300,0.005996271168666301
2023-03-14,177.30999755859375,183.8000030517578,177.13999938964844,183.25999450683594,183.25999450683594,143717900,0.050320947926932424
2023-03-15,180.8000030517578,182.33999633789062,176.02999877929688,180.4499969482422,180.4499969482422,145995600,-0.015333393227232373
2023-03-16,180.3699951171875,185.80999755859375,178.83999633789062,184.1300048828125,184.1300048828125,121136800,0.020393505108375454
2023-03-17,184.52000427246094,186.22000122070312,177.3300018310547,180.1300048828125,180.1300048828125,133197100,-0.02172378153438792
2023-03-20,178.0800018310547,186.44000244140625,176.35000610351562,183.25,183.25,129684400,0.017320796272765726
2023-03-21,188.27999877929688,198.0,188.0399932861328,197.5800018310547,197.5800018310547,153391400,0.07819919143822474
2023-03-22,199.3000030517578,200.66000366210938,190.9499969482422,191.14999389648438,191.14999389648438,150376400,-0.03254381959196684
2023-03-23,195.25999450683594,199.30999755859375,188.64999389648438,192.22000122070312,192.22000122070312,144193900,0.0055977366381618765
2023-03-24,191.64999389648438,192.36000061035156,187.14999389648438,190.41000366210938,190.41000366210938,116312400,-0.009416281069083654
2023-03-27,194.4199981689453,197.38999938964844,189.94000244140625,191.80999755859375,191.80999755859375,120851600,0.007352522816861606
2023-03-28,192.0,192.35000610351562,185.42999267578125,189.19000244140625,189.19000244140625,98654600,-0.013659325116185062
2023-03-29,193.1300048828125,195.2899932861328,189.44000244140625,193.8800048828125,193.8800048828125,123660000,0.024789906342217005
2023-03-30,195.5800018310547,197.3300018310547,194.4199981689453,195.27999877929688,195.27999877929688,110252200,0.007220929756684091
2023-03-31,197.52999877929688,207.7899932861328,197.1999969482422,207.4600067138672,207.4600067138672,170222100,0.06237201971890638
2023-04-03,199.91000366210938,202.69000244140625,192.1999969482422,194.77000427246094,194.77000427246094,169545900,-0.061168427796826186
2023-04-04,197.32000732421875,198.74000549316406,190.32000732421875,192.5800018310547,192.5800018310547,126463800,-0.011244043709844997
2023-04-05,190.52000427246094,190.67999267578125,183.75999450683594,185.52000427246094,185.52000427246094,133882500,-0.036660076287605925
2023-04-06,183.0800018310547,186.38999938964844,179.74000549316406,185.05999755859375,185.05999755859375,123857900,-0.002479553165553039
2023-04-10,179.94000244140625,185.10000610351562,176.11000061035156,184.50999450683594,184.50999450683594,142154600,-0.0029720256079851515
2023-04-11,186.69000244140625,189.19000244140625,185.64999389648438,186.7899932861328,186.7899932861328,115770900,0.012357047570192181
2023-04-12,190.74000549316406,191.5800018310547,180.30999755859375,180.5399932861328,180.5399932861328,150256300,-0.03346003653646468
2023-04-13,182.9600067138672,186.5,180.94000244140625,185.89999389648438,185.89999389648438,112933000,0.029688716127604264
2023-04-14,183.9499969482422,186.27999877929688,182.00999450683594,185.0,185.0,96438700,-0.004841279860318459
2023-04-17,186.32000732421875,189.69000244140625,182.69000244140625,187.0399932861328,187.0399932861328,116662200,0.011026990735853115
2023-04-18,187.14999389648438,187.69000244140625,183.5800018310547,184.30999755859375,184.30999755859375,92067000,-0.014595786064655836
2023-04-19,179.10000610351562,183.5,177.64999389648438,180.58999633789062,180.58999633789062,125732700,-0.020183393575926356
2023-04-20,166.1699981689453,169.6999969482422,160.55999755859375,162.99000549316406,162.99000549316406,210970800,-0.09745828230593856
2023-04-21,164.8000030517578,166.0,161.32000732421875,165.0800018310547,165.0800018310547,123539000,0.012822849668400638
2023-04-24,164.64999389648438,165.64999389648438,158.61000061035156,162.5500030517578,162.5500030517578,140006600,-0.015325895028073244
2023-04-25,159.82000732421875,163.47000122070312,158.75,160.6699981689453,160.6699981689453,121999300,-0.011565701922588656
2023-04-26,160.2899932861328,160.6699981689453,153.13999938964844,153.75,153.75,153364100,-0.04306963495243776
2023-04-27,152.63999938964844,160.47999572753906,152.3699951171875,160.19000244140625,160.19000244140625,127015200,0.041886194740853755
2023-04-28,160.89999389648438,165.0,157.32000732421875,164.30999755859375,164.30999755859375,122515800,0.025719427270091355
2023-05-01,163.1699981689453,163.27999877929688,158.8300018310547,161.8300018310547,161.8300018310547,109015000,-0.015093395194377579
2023-05-02,161.8800048828125,165.49000549316406,158.92999267578125,160.30999755859375,160.30999755859375,128259700,-0.00939259874721976
2023-05-03,160.00999450683594,165.0,159.91000366210938,160.61000061035156,160.61000061035156,119728000,0.0018713932775662467
2023-05-04,162.7100067138672,162.9499969482422,159.64999389648438,161.1999969482422,161.1999969482422,95108500,0.003673471985857102
2023-05-05,163.97000122070312,170.7899932861328,163.50999450683594,170.05999755859375,170.05999755859375,107440900,0.05496278398315546
2023-05-08,173.72000122070312,173.8000030517578,169.19000244140625,171.7899932861328,171.7899932861328,112249400,0.010172855182730478
2023-05-09,168.9499969482422,169.82000732421875,166.55999755859375,169.14999389648438,169.14999389648438,88965000,-0.015367597024416146
2023-05-10,172.5500030517578,174.42999267578125,166.67999267578125,168.5399932861328,168.5399932861328,119840700,-0.0036062703657255835
2023-05-11,168.6999969482422,173.57000732421875,166.7899932861328,172.0800018310547,172.0800018310547,103889900,0.021003967520705658
2023-05-12,176.07000732421875,177.3800048828125,167.22999572753906,167.97999572753906,167.97999572753906,157577100,-0.023826162598143963
2023-05-15,167.66000366210938,169.75999450683594,164.5500030517578,166.35000610351562,166.35000610351562,105592500,-0.009703474612936969
2023-05-16,165.64999389648438,169.52000427246094,164.35000610351562,166.52000427246094,166.52000427246094,98288800,0.001021930644472091
2023-05-17,168.41000366210938,174.5,167.19000244140625,173.86000061035156,173.86000061035156,125473600,0.04407876621166107
2023-05-18,174.22000122070312,177.05999755859375,172.4499969482422,176.88999938964844,176.88999938964844,109520300,0.01742780840135616
2023-05-19,177.1699981689453,181.9499969482422,176.30999755859375,180.13999938964844,180.13999938964844,136024200,0.018373000232992265
2023-05-22,180.6999969482422,189.32000732421875,180.11000061035156,188.8699951171875,188.8699951171875,132001400,0.04846228354123516
2023-05-23,186.1999969482422,192.9600067138672,185.25999450683594,185.77000427246094,185.77000427246094,156952100,-0.01641335799687571
2023-05-24,182.22999572753906,184.22000122070312,178.22000122070312,182.89999389648438,182.89999389648438,137605100,-0.015449266889003499
2023-05-25,186.5399932861328,186.77999877929688,180.5800018310547,184.47000122070312,184.47000122070312,96870700,0.008583965973816943
2023-05-26,184.6199951171875,198.60000610351562,184.52999877929688,193.1699981689453,193.1699981689453,162061500,0.047162123329924865
2023-05-30,200.10000610351562,204.47999572753906,197.52999877929688,201.16000366210938,201.16000366210938,128818700,0.041362559242642094
2023-05-31,199.77999877929688,203.9499969482422,195.1199951171875,203.92999267578125,203.92999267578125,150711700,0.013770078361723614
2023-06-01,202.58999633789062,209.8000030517578,199.3699951171875,207.52000427246094,207.52000427246094,148029900,0.017604137329555458
2023-06-02,210.14999389648438,217.25,209.75,213.97000122070312,213.97000122070312,164129000,0.031081326211682914
2023-06-05,217.8000030517578,221.2899932861328,214.52000427246094,217.61000061035156,217.61000061035156,151143100,0.017011727666879306
2023-06-06,216.13999938964844,221.91000366210938,212.52999877929688,221.30999755859375,221.30999755859375,146911600,0.017002881015874438
2023-06-07,228.0,230.8300018310547,223.1999969482422,224.57000732421875,224.57000732421875,185710800,0.014730512862447087
2023-06-08,224.22000122070312,235.22999572753906,223.00999450683594,234.86000061035156,234.86000061035156,164489700,0.045820870777622646
2023-06-09,249.07000732421875,252.4199981689453,242.02000427246094,244.39999389648438,244.39999389648438,199882300,0.0406199151040636
2023-06-12,247.94000244140625,250.97000122070312,244.58999633789062,249.8300018310547,249.8300018310547,150337900,0.02221770896144215
2023-06-13,253.50999450683594,259.67999267578125,251.33999633789062,258.7099914550781,258.7099914550781,162384300,0.035544128242966044
2023-06-14,260.1700134277344,261.57000732421875,250.5,256.7900085449219,256.7900085449219,170575500,-0.007421371317580694
2023-06-15,248.39999389648438,258.95001220703125,247.2899932861328,255.89999389648438,255.89999389648438,160171200,-0.0034659239799892383
2023-06-16,258.9200134277344,263.6000061035156,257.2099914550781,260.5400085449219,260.5400085449219,167563700,0.01813214052015355
2023-06-20,261.5,274.75,261.1199951171875,274.45001220703125,274.45001220703125,165611200,0.05338912722001776
2023-06-21,275.1300048828125,276.989990234375,257.7799987792969,259.4599914550781,259.4599914550781,211797100,-0.054618400747766804
2023-06-22,250.77000427246094,265.0,248.25,264.6099853515625,264.6099853515625,166875900,0.019848894111198723
2023-06-23,259.2900085449219,262.45001220703125,252.8000030517578,256.6000061035156,256.6000061035156,176584100,-0.030270888067223778
2023-06-26,250.07000732421875,258.3699951171875,240.6999969482422,241.0500030517578,241.0500030517578,179990600,-0.060600166336257755
2023-06-27,243.24000549316406,250.38999938964844,240.85000610351562,250.2100067138672,250.2100067138672,164968200,0.03800042956291749
2023-06-28,249.6999969482422,259.8800048828125,248.88999938964844,256.239990234375,256.239990234375,159770800,0.0240996896954786
2023-06-29,258.0299987792969,260.739990234375,253.61000061035156,257.5,257.5,131283400,0.004917303362650394
2023-06-30,260.6000061035156,264.45001220703125,259.8900146484375,261.7699890136719,261.7699890136719,112267600,0.016582481606492783
2023-07-03,276.489990234375,284.25,275.1099853515625,279.82000732421875,279.82000732421875,119685900,0.06895373445427366
2023-07-05,278.82000732421875,283.8500061035156,277.6000061035156,282.4800109863281,282.4800109863281,131530900,0.009506123909958086
2023-07-06,278.0899963378906,279.9700012207031,272.8800048828125,276.5400085449219,276.5400085449219,120332100,-0.021028045208104085
2023-07-07,278.42999267578125,280.7799987792969,273.7699890136719,274.42999267578125,274.42999267578125,113602000,-0.007630056425625198
2023-07-10,276.4700012207031,277.5199890136719,265.1000061035156,269.6099853515625,269.6099853515625,119425400,-0.01756370459810941
2023-07-11,268.6499938964844,270.8999938964844,266.3699951171875,269.7900085449219,269.7900085449219,91972400,0.000667717084456676
2023-07-12,276.3299865722656,276.5199890136719,271.4599914550781,271.989990234375,271.989990234375,95672100,0.008154422401772665
2023-07-13,274.5899963378906,279.45001220703125,270.6000061035156,277.8999938964844,277.8999938964844,112681500,0.02172875427149612
2023-07-14,277.010009765625,285.29998779296875,276.30999755859375,281.3800048828125,281.3800048828125,119771100,0.012522529912772917
2023-07-17,286.6300048828125,292.2300109863281,283.57000732421875,290.3800048828125,290.3800048828125,131569600,0.03198521516746822
2023-07-18,290.1499938964844,295.260009765625,286.010009765625,293.3399963378906,293.3399963378906,112434700,0.010193509901870401
2023-07-19,296.0400085449219,299.2900085449219,289.5199890136719,291.260009765625,291.260009765625,142355400,-0.007090702250741598
2023-07-20,279.55999755859375,280.92999267578125,261.20001220703125,262.8999938964844,262.8999938964844,175158300,-0.09737009860008494
2023-07-21,268.0,268.0,255.8000030517578,260.0199890136719,260.0199890136719,161050100,-0.010954754468143868
2023-07-24,255.85000610351562,269.8500061035156,254.1199951171875,269.05999755859375,269.05999755859375,136508500,0.03476659075024635
2023-07-25,272.3800048828125,272.8999938964844,265.0,265.2799987792969,265.2799987792969,112757300,-0.014048906614123058
2023-07-26,263.25,268.0400085449219,261.75,264.3500061035156,264.3500061035156,95856200,-0.0035057022016762307
2023-07-27,268.30999755859375,269.1300048828125,255.3000030517578,255.7100067138672,255.7100067138672,103697300,-0.032683938680391544
2023-07-28,259.8599853515625,267.25,258.2300109863281,266.44000244140625,266.44000244140625,111446000,0.04196157931177735
2023-07-31,267.4800109863281,269.0799865722656,263.7799987792969,267.42999267578125,267.42999267578125,84582200,0.00371562162326855
2023-08-01,266.260009765625,266.4700012207031,260.25,261.07000732421875,261.07000732421875,83166000,-0.023781870118334214
2023-08-02,255.57000732421875,259.5199890136719,250.49000549316406,254.11000061035156,254.11000061035156,101752900,-0.02665954157355066
2023-08-03,252.0399932861328,260.489990234375,252.0,259.32000732421875,259.32000732421875,97569100,0.020502958173047814
2023-08-04,260.9700012207031,264.7699890136719,253.11000061035156,253.86000061035156,253.86000061035156,99242600,-0.02105509239416581
2023-08-07,251.4499969482422,253.64999389648438,242.75999450683594,251.4499969482422,251.4499969482422,111097900,-0.009493435973824349
2023-08-08,247.4499969482422,250.9199981689453,245.00999450683594,249.6999969482422,249.6999969482422,96642200,-0.006959634206558429
2023-08-09,250.8699951171875,251.10000610351562,241.89999389648438,242.19000244140625,242.19000244140625,101596300,-0.03007606967809695
2023-08-10,245.39999389648438,251.8000030517578,243.0,245.33999633789062,245.33999633789062,109498600,0.013006292021680244
2023-08-11,241.77000427246094,243.7899932861328,238.02000427246094,242.64999389648438,242.64999389648438,98866600,-0.01096438608281991
2023-08-14,235.6999969482422,240.66000366210938,233.75,239.75999450683594,239.75999450683594,98595300,-0.011910156448968756
2023-08-15,238.72999572753906,240.5,232.61000061035156,232.9600067138672,232.9600067138672,88197600,-0.028361644764614224
2023-08-16,228.02000427246094,233.97000122070312,225.3800048828125,225.60000610351562,225.60000610351562,112484500,-0.03159340830287438
2023-08-17,226.05999755859375,226.74000549316406,218.8300018310547,219.22000122070312,219.22000122070312,120718400,-0.028280162722535862
2023-08-18,214.1199951171875,217.5800018310547,212.36000061035156,215.49000549316406,215.49000549316406,135813700,-0.017014851321818125
2023-08-21,221.5500030517578,232.1300048828125,220.5800018310547,231.27999877929688,231.27999877929688,135702700,0.073274828918382
2023-08-22,240.25,240.82000732421875,229.5500030517578,233.19000244140625,233.19000244140625,130597900,0.008258403978685713
2023-08-23,229.33999633789062,238.97999572753906,229.2899932861328,236.86000061035156,236.86000061035156,101077600,0.01573823118710882
2023-08-24,238.66000366210938,238.9199981689453,228.17999267578125,230.0399932861328,230.0399932861328,99777400,-0.02879341090367582
2023-08-25,231.30999755859375,239.0,230.35000610351562,238.58999633789062,238.58999633789062,106612200,0.037167463490241914
2023-08-28,242.5800018310547,244.3800048828125,235.35000610351562,238.82000732421875,238.82000732421875,107673700,0.0009640428763089126
2023-08-29,238.5800018310547,257.4800109863281,237.77000427246094,257.17999267578125,257.17999267578125,134047600,0.07687791972402569
2023-08-30,254.1999969482422,260.510009765625,250.58999633789062,256.8999938964844,256.8999938964844,121988400,-0.0010887269121663268
2023-08-31,255.97999572753906,261.17999267578125,255.0500030517578,258.0799865722656,258.0799865722656,108861700,0.004593198535678855
2023-09-01,257.260009765625,259.0799865722656,242.00999450683594,245.00999450683594,245.00999450683594,132272500,-0.05064318329763218
2023-09-05,245.0,258.0,244.86000061035156,256.489990234375,256.489990234375,129469600,0.046855214011356505
2023-09-06,255.13999938964844,255.38999938964844,245.05999755859375,251.9199981689453,251.9199981689453,116959800,-0.017817428513501543
2023-09-07,245.07000732421875,252.80999755859375,243.27000427246094,251.49000549316406,251.49000549316406,115312900,-0.0017068620153485314
2023-09-08,251.22000122070312,256.5199890136719,246.6699981689453,248.5,248.5,118367700,-0.01188916230408743
2023-09-11,264.2699890136719,274.8500061035156,260.6099853515625,273.5799865722656,273.5799865722656,174667900,0.10092549928477124
2023-09-12,270.760009765625,278.3900146484375,266.6000061035156,267.4800109863281,267.4800109863281,135999900,-0.022296863386701782
2023-09-13,270.07000732421875,274.9800109863281,268.1000061035156,271.29998779296875,271.29998779296875,111673700,0.014281354305895722
2023-09-14,271.32000732421875,276.7099914550781,270.4200134277344,276.0400085449219,276.0400085449219,107709800,0.017471511114000693
2023-09-15,277.54998779296875,278.9800109863281,271.0,274.3900146484375,274.3900146484375,133422800,-0.005977372284481253
2023-09-18,271.1600036621094,271.44000244140625,263.760009765625,265.2799987792969,265.2799987792969,101543300,-0.033200974462619715
2023-09-19,264.3500061035156,267.8500061035156,261.20001220703125,266.5,266.5,103704000,0.004598918977371191
2023-09-20,267.0400085449219,273.92999267578125,262.4599914550781,262.5899963378906,262.5899963378906,122514600,-0.014671683535119606
2023-09-21,257.8500061035156,260.8599853515625,254.2100067138672,255.6999969482422,255.6999969482422,119531000,-0.026238620989897266
2023-09-22,257.3999938964844,257.7900085449219,244.47999572753906,244.8800048828125,244.8800048828125,127524100,-0.042315182614647506
2023-09-25,243.3800048828125,247.10000610351562,238.30999755859375,246.99000549316406,246.99000549316406,104636600,0.008616467528091087
2023-09-26,242.97999572753906,249.5500030517578,241.66000366210938,244.1199951171875,244.1199951171875,101993600,-0.011619945391094011
2023-09-27,244.25999450683594,245.3300018310547,234.5800018310547,240.5,240.5,136597200,-0.014828753029631048
2023-09-28,240.02000427246094,247.5500030517578,238.64999389648438,246.3800048828125,246.3800048828125,117058900,0.02444908475181906
2023-09-29,250.0,254.77000427246094,246.35000610351562,250.22000122070312,250.22000122070312,128346200,0.015585665483353939
2023-10-02,244.80999755859375,254.27999877929688,242.6199951171875,251.60000610351562,251.60000610351562,123810400,0.005515166158101437
2023-10-03,248.61000061035156,250.02000427246094,244.4499969482422,246.52999877929688,246.52999877929688,101985300,-0.020151062008054166
2023-10-04,248.13999938964844,261.8599853515625,247.60000610351562,261.1600036621094,261.1600036621094,129721600,0.05934371052307452
2023-10-05,260.0,263.6000061035156,256.25,260.04998779296875,260.04998779296875,119159200,-0.00425032873937603
2023-10-06,253.97999572753906,261.6499938964844,250.64999389648438,260.5299987792969,260.5299987792969,117947000,0.001845841218459432
2023-10-09,255.30999755859375,261.3599853515625,252.0500030517578,259.6700134277344,259.6700134277344,101377900,-0.003300907210654902
2023-10-10,257.75,268.94000244140625,257.6499938964844,263.6199951171875,263.6199951171875,122656000,0.015211543440507347
2023-10-11,266.20001220703125,268.6000061035156,260.8999938964844,262.989990234375,262.989990234375,103706300,-0.002389822071472425
2023-10-12,262.9200134277344,265.4100036621094,256.6300048828125,258.8699951171875,258.8699951171875,111508100,-0.015665976919941982
2023-10-13,258.8999938964844,259.6000061035156,250.22000122070312,251.1199951171875,251.1199951171875,102073800,-0.02993780718577166
2023-10-16,250.0500030517578,255.39999389648438,248.47999572753906,253.9199981689453,253.9199981689453,88917200,0.01115006015531006
2023-10-17,250.10000610351562,257.17999267578125,247.0800018310547,254.85000610351562,254.85000610351562,93562900,0.0036626021631882555
2023-10-18,252.6999969482422,254.6300048828125,242.0800018310547,242.67999267578125,242.67999267578125,125147800,-0.04775363208267347
2023-10-19,225.9499969482422,230.61000061035156,216.77999877929688,220.11000061035156,220.11000061035156,170772700,-0.09300310180733784
2023-10-20,217.00999450683594,218.86000061035156,210.4199981689453,211.99000549316406,211.99000549316406,137734000,-0.036890623300491754
2023-10-23,210.0,216.97999572753906,202.50999450683594,212.0800018310547,212.0800018310547,150683400,0.0004245310418349302
2023-10-24,216.5,222.0500030517578,214.11000061035156,216.52000427246094,216.52000427246094,118231100,0.02093550737020089
2023-10-25,215.8800048828125,220.10000610351562,212.1999969482422,212.4199981689453,212.4199981689453,107065100,-0.018935922882932887
2023-10-26,211.32000732421875,214.8000030517578,204.8800048828125,205.75999450683594,205.75999450683594,115112600,-0.031352997455599385
2023-10-27,210.60000610351562,212.41000366210938,205.77000427246094,207.3000030517578,207.3000030517578,94881200,0.00748448962886572
2023-10-30,209.27999877929688,210.8800048828125,194.6699981689453,197.36000061035156,197.36000061035156,136448200,-0.04794984223383958
2023-10-31,196.1199951171875,202.8000030517578,194.07000732421875,200.83999633789062,200.83999633789062,118068300,0.017632730628176496
2023-11-01,204.0399932861328,205.99000549316406,197.85000610351562,205.66000366210938,205.66000366210938,121661700,0.023999240251476817
2023-11-02,212.97000122070312,219.1999969482422,211.4499969482422,218.50999450683594,218.50999450683594,125987600,0.06248172039245192
2023-11-03,221.14999389648438,226.3699951171875,218.39999389648438,219.9600067138672,219.9600067138672,119281000,0.006635907937775798
2023-11-06,223.97999572753906,226.32000732421875,215.0,219.27000427246094,219.27000427246094,117335800,-0.0031369449915676917
2023-11-07,219.97999572753906,223.1199951171875,215.72000122070312,222.17999267578125,222.17999267578125,116900100,0.013271256198382764
2023-11-08,223.14999389648438,224.14999389648438,217.63999938964844,222.11000061035156,222.11000061035156,106584800,-0.00031502415940676265
2023-11-09,219.75,220.8000030517578,206.67999267578125,209.97999572753906,209.97999572753906,142110500,-0.054612601186257326
2023-11-10,210.02999877929688,215.3800048828125,205.69000244140625,214.64999389648438,214.64999389648438,130994000,0.022240205086035525
2023-11-13,215.60000610351562,225.39999389648438,211.61000061035156,223.7100067138672,223.7100067138672,140447600,0.04220830689495392
2023-11-14,235.02999877929688,238.13999938964844,230.72000122070312,237.41000366210938,237.41000366210938,149771600,0.06123998273248876
2023-11-15,239.2899932861328,246.6999969482422,236.4499969482422,242.83999633789062,242.83999633789062,150354000,0.022871793909364557
2023-11-16,239.49000549316406,240.8800048828125,230.9600067138672,233.58999633789062,233.58999633789062,136816800,-0.038090924639652135
2023-11-17,232.0,237.38999938964844,226.5399932861328,234.3000030517578,234.3000030517578,142532800,0.0030395424675642158
2023-11-20,234.0399932861328,237.10000610351562,231.02000427246094,235.60000610351562,235.60000610351562,116320100,0.005548455120893081
2023-11-21,235.0399932861328,243.6199951171875,233.33999633789062,241.1999969482422,241.1999969482422,122288000,0.023769060694616817
2023-11-22,242.0399932861328,244.00999450683594,231.39999389648438,234.2100067138672,234.2100067138672,117950600,-0.028980059381488954
2023-11-24,233.75,238.75,232.3300018310547,235.4499969482422,235.4499969482422,65125200,0.00529435207219775
2023-11-27,236.88999938964844,238.3300018310547,232.10000610351562,236.0800018310547,236.0800018310547,112031800,0.0026757481035388775
2023-11-28,236.67999267578125,247.0,234.00999450683594,246.72000122070312,246.72000122070312,148549900,0.04506946504203557
2023-11-29,249.2100067138672,252.75,242.75999450683594,244.13999938964844,244.13999938964844,135401300,-0.010457205813430348
2023-11-30,245.13999938964844,245.22000122070312,236.91000366210938,240.0800018310547,240.0800018310547,132353200,-0.016629792613843564
2023-12-01,233.13999938964844,240.19000244140625,231.89999389648438,238.8300018310547,238.8300018310547,121173500,-0.005206597761023168
2023-12-04,235.75,239.3699951171875,233.2899932861328,235.5800018310547,235.5800018310547,104099800,-0.01360800559009756
2023-12-05,233.8699951171875,246.66000366210938,233.6999969482422,238.72000122070312,238.72000122070312,137971100,0.013328802806870987
2023-12-06,242.9199981689453,246.57000732421875,239.1699981689453,239.3699951171875,239.3699951171875,126436200,0.002722829646282676
2023-12-07,241.5500030517578,244.0800018310547,236.97999572753906,242.63999938964844,242.63999938964844,107142300,0.01366087788429815
2023-12-08,240.27000427246094,245.27000427246094,239.27000427246094,243.83999633789062,243.83999633789062,102980100,0.0049455858525417895
2023-12-11,242.74000549316406,243.44000244140625,237.4499969482422,239.74000549316406,239.74000549316406,97913900,-0.01681426716823431
2023-12-12,238.5500030517578,238.99000549316406,233.8699951171875,237.00999450683594,237.00999450683594,95328300,-0.011387381846063915
2023-12-13,234.19000244140625,240.3000030517578,228.1999969482422,239.2899932861328,239.2899932861328,146286300,0.009619842336358264
2023-12-14,241.22000122070312,253.8800048828125,240.7899932861328,251.0500030517578,251.0500030517578,160829200,0.04914543063053567
2023-12-15,251.2100067138672,254.1300048828125,248.3000030517578,253.5,253.5,135720800,0.009758999874367902
2023-12-18,253.77999877929688,258.739990234375,251.36000061035156,252.0800018310547,252.0800018310547,116416500,-0.005601570686174839
2023-12-19,253.47999572753906,258.3399963378906,253.00999450683594,257.2200012207031,257.2200012207031,106737400,0.0203903496997484
2023-12-20,256.4100036621094,259.8399963378906,247.0,247.13999938964844,247.13999938964844,125097000,-0.03918825045959673
2023-12-21,251.89999389648438,254.8000030517578,248.5500030517578,254.5,254.5,109594200,0.029780693649462897
2023-12-22,256.760009765625,258.2200012207031,251.3699951171875,252.5399932861328,252.5399932861328,93249800,-0.007701401626197146
2023-12-26,254.49000549316406,257.9700012207031,252.91000366210938,256.6099853515625,256.6099853515625,86892400,0.01611622781987765
2023-12-27,258.3500061035156,263.3399963378906,257.5199890136719,261.44000244140625,261.44000244140625,106494400,0.018822405072142834
2023-12-28,263.6600036621094,265.1300048828125,252.7100067138672,253.17999267578125,253.17999267578125,113619900,-0.03159428430420175
2023-12-29,255.10000610351562,255.19000244140625,247.42999267578125,248.47999572753906,248.47999572753906,100615300,-0.018563856087399966
